ApplicantIncome,CoapplicantIncome,LoanAmount,Loan_Amount_Term,Credit_History,Loan_Approved,Dependents_1,Dependents_2,Dependents_3+,Education_Not Graduate,Gender_Male,Married_Yes,Property_Area_Semiurban,Property_Area_Urban,Self_Employed_Yes
5849,0.0,128,360,1,1,False,False,False,False,True,False,False,True,False
4583,1508.0,128,360,1,0,True,False,False,False,True,True,False,False,False
3000,0.0,66,360,1,1,False,False,False,False,True,True,False,True,True
2583,2358.0,120,360,1,1,False,False,False,True,True,True,False,True,False
6000,0.0,141,360,1,1,False,False,False,False,True,False,False,True,False
5417,4196.0,267,360,1,1,False,True,False,False,True,True,False,True,True
2333,1516.0,95,360,1,1,False,False,False,True,True,True,False,True,False
3036,2504.0,158,360,0,0,False,False,True,False,True,True,True,False,False
4006,1526.0,168,360,1,1,False,True,False,False,True,True,False,True,False
12841,10968.0,349,360,1,0,True,False,False,False,True,True,True,False,False
3200,700.0,70,360,1,1,False,True,False,False,True,True,False,True,False
2500,1840.0,109,360,1,1,False,True,False,False,True,True,False,True,False
3073,8106.0,200,360,1,1,False,True,False,False,True,True,False,True,False
1853,2840.0,114,360,1,0,False,False,False,False,True,False,False,False,False
1299,1086.0,17,120,1,1,False,True,False,False,True,True,False,True,False
4950,0.0,125,360,1,1,False,False,False,False,True,False,False,True,False
3596,0.0,100,240,1,1,True,False,False,True,True,False,False,True,False
3510,0.0,76,360,0,0,False,False,False,False,False,False,False,True,False
4887,0.0,133,360,1,0,False,False,False,True,True,True,False,False,False
2600,3500.0,115,360,1,1,False,False,False,False,True,True,False,True,False
7660,0.0,104,360,0,0,False,False,False,True,True,True,False,True,False
5955,5625.0,315,360,1,1,True,False,False,False,True,True,False,True,False
2600,1911.0,116,360,0,0,False,False,False,True,True,True,True,False,False
3365,1917.0,112,360,0,0,False,True,False,True,True,True,False,False,False
3717,2925.0,151,360,1,0,True,False,False,False,True,True,True,False,False
9560,0.0,191,360,1,1,False,False,False,False,True,True,True,False,True
2799,2253.0,122,360,1,1,False,False,False,False,True,True,True,False,False
4226,1040.0,110,360,1,1,False,True,False,True,True,True,False,True,False
1442,0.0,35,360,1,0,False,False,False,True,True,False,False,True,False
3750,2083.0,120,360,1,1,False,True,False,False,False,False,True,False,False
4166,3369.0,201,360,1,0,True,False,False,False,True,True,False,True,False
3167,0.0,74,360,1,0,False,False,False,False,True,False,False,True,False
4692,0.0,106,360,1,0,True,False,False,False,True,False,False,False,True
3500,1667.0,114,360,1,1,False,False,False,False,True,True,True,False,False
12500,3000.0,320,360,1,0,False,False,True,False,True,False,False,False,False
2275,2067.0,128,360,1,1,False,False,False,False,True,True,False,True,False
1828,1330.0,100,360,0,0,False,False,False,False,True,True,False,True,False
3667,1459.0,144,360,1,1,False,False,False,False,False,True,True,False,False
4166,7210.0,184,360,1,1,False,False,False,False,True,False,False,True,False
3748,1668.0,110,360,1,1,False,False,False,True,True,False,True,False,False
3600,0.0,80,360,1,0,False,False,False,False,True,False,False,True,False
1800,1213.0,47,360,1,1,False,False,False,False,True,False,False,True,False
2400,0.0,75,360,1,1,False,False,False,False,True,True,False,True,False
3941,2336.0,134,360,1,1,False,False,False,False,True,True,True,False,False
4695,0.0,96,360,1,1,False,False,False,True,True,True,False,True,True
3410,0.0,88,360,1,1,False,False,False,False,False,False,False,True,False
5649,0.0,44,360,1,1,True,False,False,False,True,True,False,True,False
5821,0.0,144,360,1,1,False,False,False,False,True,True,False,True,False
2645,3440.0,120,360,0,0,False,False,False,False,False,True,False,True,False
4000,2275.0,144,360,1,1,False,False,False,False,False,False,True,False,False
1928,1644.0,100,360,1,1,False,False,False,True,False,True,True,False,False
3086,0.0,120,360,1,1,False,False,False,False,False,False,True,False,False
4230,0.0,112,360,1,0,False,False,False,False,False,False,True,False,False
4616,0.0,134,360,1,0,False,True,False,False,True,True,False,True,False
11500,0.0,286,360,0,0,True,False,False,False,False,True,False,True,True
2708,1167.0,97,360,1,1,False,True,False,False,True,True,True,False,False
2132,1591.0,96,360,1,1,False,False,False,False,True,True,True,False,False
3366,2200.0,135,360,1,0,False,False,False,False,True,True,False,False,False
8080,2250.0,180,360,1,1,True,False,False,False,True,True,False,True,False
3357,2859.0,144,360,1,1,False,True,False,True,True,True,False,True,False
2500,3796.0,120,360,1,1,False,False,False,False,True,True,False,True,False
3029,0.0,99,360,1,1,False,False,True,False,True,True,False,True,False
2609,3449.0,165,180,0,0,False,False,False,True,True,True,False,False,True
4945,0.0,128,360,0,0,True,False,False,False,True,True,False,False,False
4166,0.0,116,360,0,0,False,False,False,False,False,False,True,False,False
5726,4595.0,258,360,1,0,False,False,False,False,True,True,True,False,False
3200,2254.0,126,180,0,0,False,False,False,True,True,False,False,True,False
10750,0.0,312,360,1,1,True,False,False,False,True,True,False,True,False
7100,0.0,125,60,1,1,False,False,True,True,True,True,False,True,True
4300,0.0,136,360,0,0,False,False,False,False,False,False,True,False,False
3208,3066.0,172,360,1,1,False,False,False,False,True,True,False,True,False
1875,1875.0,97,360,1,1,False,True,False,True,True,True,True,False,True
3500,0.0,81,300,1,1,False,False,False,False,True,False,True,False,False
4755,0.0,95,360,0,0,False,False,True,True,True,True,True,False,False
5266,1774.0,187,360,1,1,False,False,True,False,True,True,True,False,True
3750,0.0,113,480,1,0,False,False,False,False,True,False,False,True,False
3750,4750.0,176,360,1,0,False,False,False,False,True,False,False,True,False
1000,3022.0,110,360,1,0,True,False,False,False,True,True,False,True,True
3167,4000.0,180,300,0,0,False,False,True,False,True,True,True,False,False
3333,2166.0,130,360,1,1,False,False,True,True,True,True,True,False,True
3846,0.0,111,360,1,1,False,False,False,False,False,False,True,False,False
2395,0.0,128,360,1,1,True,False,False,False,True,True,True,False,True
1378,1881.0,167,360,1,0,False,True,False,False,False,True,False,True,False
6000,2250.0,265,360,1,0,False,False,False,False,True,True,True,False,False
3988,0.0,50,240,1,1,True,False,False,False,True,True,False,True,False
2366,2531.0,136,360,1,1,False,False,False,False,True,False,True,False,False
3333,2000.0,99,360,1,1,False,True,False,True,True,True,True,False,False
2500,2118.0,104,360,1,1,False,False,False,False,True,True,True,False,False
8566,0.0,210,360,1,1,False,False,False,False,True,False,False,True,False
5695,4167.0,175,360,1,1,False,False,False,False,True,True,True,False,False
2958,2900.0,131,360,1,1,False,False,False,False,True,True,True,False,False
6250,5654.0,188,180,1,1,False,True,False,False,True,True,True,False,False
3273,1820.0,81,360,1,1,False,True,False,True,True,True,False,True,False
4133,0.0,122,360,1,1,False,False,False,False,True,False,True,False,False
3620,0.0,25,120,1,1,False,False,False,True,True,False,True,False,False
6782,0.0,128,360,1,0,False,False,False,False,True,False,False,True,False
2484,2302.0,137,360,1,1,False,False,False,False,False,True,True,False,False
1977,997.0,50,360,1,1,False,False,False,False,True,True,True,False,False
4188,0.0,115,180,1,1,False,False,False,True,True,True,True,False,False
1759,3541.0,131,360,1,1,False,False,False,False,True,True,True,False,False
4288,3263.0,133,180,1,1,False,True,False,True,True,True,False,True,False
4843,3806.0,151,360,1,1,False,False,False,False,True,False,True,False,False
13650,0.0,128,360,1,1,False,False,False,False,True,True,False,True,False
4652,3583.0,128,360,1,1,False,False,False,False,True,True,True,False,False
3816,754.0,160,360,1,1,False,False,False,False,True,True,False,True,False
3052,1030.0,100,360,1,1,True,False,False,False,True,True,False,True,False
11417,1126.0,225,360,1,1,False,True,False,False,True,True,False,True,False
7333,0.0,120,360,1,0,False,False,False,True,True,False,False,False,False
3800,3600.0,216,360,0,0,False,True,False,False,True,True,False,True,False
2071,754.0,94,480,1,1,False,False,True,True,True,True,True,False,False
5316,0.0,136,360,1,1,False,False,False,False,True,False,False,True,False
2929,2333.0,139,360,1,1,False,False,False,False,False,True,True,False,False
3572,4114.0,152,360,0,0,False,False,False,True,True,True,False,False,False
7451,0.0,128,360,1,1,True,False,False,False,False,False,True,False,True
5050,0.0,118,360,1,1,False,False,False,False,True,False,True,False,False
14583,0.0,185,180,1,1,True,False,False,False,True,True,False,False,False
3167,2283.0,154,360,1,1,False,False,False,False,False,True,True,False,False
2214,1398.0,85,360,1,1,True,False,False,False,True,True,False,True,False
5568,2142.0,175,360,1,0,False,False,False,False,True,True,False,False,False
10408,0.0,259,360,1,1,False,False,False,False,False,False,False,True,False
5667,2667.0,180,360,1,1,False,False,False,False,True,True,False,False,False
4166,0.0,44,360,1,1,False,False,False,False,False,False,True,False,False
2137,8980.0,137,360,0,1,False,False,False,False,False,False,True,False,False
2957,0.0,81,360,1,1,False,True,False,False,True,True,True,False,False
4300,2014.0,194,360,1,1,False,False,False,True,True,True,False,False,False
3692,0.0,93,360,1,1,False,False,False,False,False,False,False,False,False
23803,0.0,370,360,1,1,False,False,True,False,True,True,False,False,False
3865,1640.0,128,360,1,1,False,False,False,False,True,False,False,False,False
10513,3850.0,160,180,0,0,True,False,False,False,True,True,False,True,True
6080,2569.0,182,360,1,0,False,False,False,False,True,True,False,False,False
20166,0.0,650,480,1,1,False,False,False,False,True,False,False,True,True
2014,1929.0,74,360,1,1,False,False,False,False,True,False,False,True,False
2718,0.0,70,360,1,1,False,False,False,False,True,False,True,False,False
3459,0.0,25,120,1,1,False,False,False,False,True,True,True,False,True
4895,0.0,102,360,1,1,False,False,False,False,True,False,True,False,False
4000,7750.0,290,360,1,0,False,False,True,False,True,True,True,False,False
4583,0.0,84,360,1,0,False,False,False,False,False,True,False,False,False
3316,3500.0,88,360,1,1,False,True,False,False,True,True,False,True,True
14999,0.0,242,360,0,0,False,False,False,False,True,False,True,False,False
4200,1430.0,129,360,1,0,False,True,False,True,True,True,False,False,False
5042,2083.0,185,360,1,0,False,True,False,False,True,True,False,False,False
5417,0.0,168,360,1,1,False,False,False,False,True,False,False,True,False
6950,0.0,175,180,1,1,False,False,False,False,True,False,True,False,True
2698,2034.0,122,360,1,1,False,False,False,False,True,True,True,False,False
11757,0.0,187,180,1,1,False,True,False,False,True,True,False,True,False
2330,4486.0,100,360,1,1,False,False,False,False,False,True,True,False,False
14866,0.0,70,360,1,1,False,True,False,False,False,True,False,True,False
1538,1425.0,30,360,1,1,True,False,False,False,True,True,False,True,False
10000,1666.0,225,360,1,0,False,False,False,False,False,False,False,False,False
4860,830.0,125,360,1,1,False,False,False,False,True,True,True,False,False
6277,0.0,118,360,0,0,False,False,False,False,True,False,False,False,False
2577,3750.0,152,360,1,1,False,False,False,False,True,True,False,False,True
9166,0.0,244,360,1,0,False,False,False,False,True,False,False,True,False
2281,0.0,113,360,1,0,False,True,False,True,True,True,False,False,False
3254,0.0,50,360,1,1,False,False,False,False,True,False,False,True,False
39999,0.0,600,180,0,1,False,False,True,False,True,True,True,False,False
6000,0.0,160,360,1,1,True,False,False,False,True,True,False,False,False
9538,0.0,187,360,1,1,True,False,False,False,True,True,False,True,False
2980,2083.0,120,360,1,1,False,False,False,False,True,False,False,False,False
4583,5625.0,255,360,1,1,False,False,False,False,True,True,True,False,False
1863,1041.0,98,360,1,1,False,False,False,True,True,True,True,False,False
7933,0.0,275,360,1,0,False,False,False,False,True,True,False,True,False
3089,1280.0,121,360,0,0,True,False,False,False,True,True,True,False,False
4167,1447.0,158,360,1,1,False,True,False,False,True,True,False,False,False
9323,0.0,75,180,1,1,False,False,False,False,True,True,False,True,False
3707,3166.0,182,360,1,1,False,False,False,False,True,True,False,False,False
4583,0.0,112,360,1,0,False,False,False,False,False,True,False,False,False
2439,3333.0,129,360,1,1,False,False,False,False,True,True,False,False,False
2237,0.0,63,480,0,0,False,False,False,False,True,False,True,False,False
8000,0.0,200,360,1,1,False,True,False,False,True,True,True,False,False
1820,1769.0,95,360,1,1,False,False,False,True,True,True,False,False,False
51763,0.0,700,300,1,1,False,False,True,False,True,True,False,True,False
3522,0.0,81,180,1,0,False,False,True,True,True,True,False,False,False
5708,5625.0,187,360,1,1,False,False,False,False,True,True,True,False,False
4344,736.0,87,360,1,0,False,False,False,True,True,True,True,False,True
3497,1964.0,116,360,1,1,False,False,False,False,True,True,False,False,False
2045,1619.0,101,360,1,1,False,True,False,False,True,True,False,False,False
5516,11300.0,495,360,0,0,False,False,True,False,True,True,True,False,False
3750,0.0,116,360,1,1,True,False,False,False,True,True,True,False,False
2333,1451.0,102,480,0,0,False,False,False,True,True,False,False,True,False
6400,7250.0,180,360,0,0,True,False,False,False,True,True,False,True,False
1916,5063.0,67,360,1,0,False,False,False,False,True,False,False,False,False
4600,0.0,73,180,1,1,False,False,False,False,True,True,True,False,False
33846,0.0,260,360,1,0,True,False,False,False,True,True,True,False,False
3625,0.0,108,360,1,1,False,False,False,False,False,True,True,False,False
39147,4750.0,120,360,1,1,False,False,False,False,True,True,True,False,True
2178,0.0,66,300,0,0,True,False,False,False,True,True,False,False,True
2383,2138.0,58,360,1,1,False,False,False,False,True,True,False,False,False
674,5296.0,168,360,1,1,False,False,False,False,True,True,False,False,True
9328,0.0,188,180,1,1,False,False,False,False,True,True,False,False,False
4885,0.0,48,360,1,1,False,False,False,True,True,False,False,False,False
12000,0.0,164,360,1,0,False,False,False,False,True,False,True,False,False
6033,0.0,160,360,1,0,False,False,False,True,True,True,False,True,False
3858,0.0,76,360,1,1,False,False,False,False,True,False,True,False,False
4191,0.0,120,360,1,1,False,False,False,False,True,False,False,False,False
3125,2583.0,170,360,1,0,True,False,False,False,True,True,True,False,False
8333,3750.0,187,360,1,1,False,False,False,False,True,False,False,False,False
1907,2365.0,120,360,1,1,False,False,False,True,False,False,False,True,False
3416,2816.0,113,360,1,1,False,False,False,False,False,True,True,False,False
11000,0.0,83,360,1,0,False,False,False,False,True,False,False,True,True
2600,2500.0,90,360,1,1,True,False,False,True,True,True,True,False,False
4923,0.0,166,360,0,1,False,True,False,False,True,False,True,False,False
3992,0.0,128,180,1,0,False,False,True,True,True,True,False,True,False
3500,1083.0,135,360,1,1,True,False,False,True,True,True,False,True,False
3917,0.0,124,360,1,1,False,True,False,True,True,True,True,False,False
4408,0.0,120,360,1,1,False,False,False,True,False,False,True,False,False
3244,0.0,80,360,1,1,False,False,False,False,False,False,False,True,False
3975,2531.0,55,360,1,1,False,False,False,True,True,False,False,False,False
2479,0.0,59,360,1,1,False,False,False,False,True,False,False,True,False
3418,0.0,127,360,1,0,False,False,False,False,True,False,True,False,False
10000,0.0,214,360,1,0,False,False,False,False,False,False,True,False,False
3430,1250.0,128,360,0,0,False,False,True,False,True,True,True,False,False
7787,0.0,240,360,1,1,True,False,False,False,True,True,False,True,True
5703,0.0,130,360,1,1,False,False,True,True,True,True,False,False,True
3173,3021.0,137,360,1,1,False,False,False,False,True,True,False,True,False
3850,983.0,100,360,1,1,False,False,True,True,True,True,True,False,False
150,1800.0,135,360,1,0,False,False,False,False,True,True,False,False,False
3727,1775.0,131,360,1,1,False,False,False,False,True,True,True,False,False
5000,0.0,72,360,0,0,False,True,False,False,True,True,True,False,False
4283,2383.0,127,360,1,1,False,True,False,False,False,True,True,False,False
2221,0.0,60,360,0,0,False,False,False,False,True,True,False,True,False
4009,1717.0,116,360,1,1,False,True,False,False,True,True,True,False,False
2971,2791.0,144,360,1,1,False,False,False,False,True,False,True,False,False
7578,1010.0,175,360,1,1,False,False,False,False,True,True,True,False,False
6250,0.0,128,360,1,1,False,False,False,False,True,True,True,False,False
3250,0.0,170,360,1,0,False,False,False,False,True,True,False,False,False
4735,0.0,138,360,1,0,False,False,False,True,True,True,False,True,True
6250,1695.0,210,360,1,1,False,True,False,False,True,True,True,False,False
4758,0.0,158,480,1,1,False,False,False,False,True,True,True,False,False
6400,0.0,200,360,1,1,False,False,False,False,True,False,False,False,True
2491,2054.0,104,360,1,1,True,False,False,False,True,True,True,False,False
3716,0.0,42,180,1,1,False,False,False,False,True,True,False,False,False
3189,2598.0,120,360,1,1,False,False,False,True,True,False,False,False,False
8333,0.0,280,360,1,1,False,False,False,False,False,False,True,False,False
3155,1779.0,140,360,1,1,True,False,False,False,True,True,True,False,False
5500,1260.0,170,360,1,1,True,False,False,False,True,True,False,False,False
5746,0.0,255,360,1,0,False,False,False,False,True,True,False,True,False
3463,0.0,122,360,1,1,False,False,False,False,False,False,False,True,True
3812,0.0,112,360,1,1,True,False,False,False,False,False,False,False,False
3315,0.0,96,360,1,1,True,False,False,False,True,True,True,False,False
5819,5000.0,120,360,1,1,False,True,False,False,True,True,False,False,False
2510,1983.0,140,180,1,0,True,False,False,True,True,True,False,True,False
2965,5701.0,155,60,1,1,False,False,False,False,True,False,False,True,False
6250,1300.0,108,360,1,1,False,True,False,False,True,True,False,False,True
3406,4417.0,123,360,1,1,False,False,False,True,True,True,True,False,False
6050,4333.0,120,180,1,0,False,False,False,False,True,False,False,True,True
9703,0.0,112,360,1,1,False,True,False,False,True,True,False,True,False
6608,0.0,137,180,1,1,True,False,False,True,True,True,False,True,False
2882,1843.0,123,480,1,1,True,False,False,False,True,True,True,False,False
1809,1868.0,90,360,1,1,False,False,False,False,True,True,False,True,False
1668,3890.0,201,360,0,0,False,False,False,True,True,True,True,False,False
3427,0.0,138,360,1,0,False,True,False,False,False,False,False,True,False
2583,2167.0,104,360,1,1,False,False,False,True,True,False,False,False,True
2661,7101.0,279,180,1,1,True,False,False,True,True,True,True,False,False
16250,0.0,192,360,0,0,False,False,False,False,True,False,False,True,True
3083,0.0,255,360,1,1,False,False,True,False,False,False,False,False,False
6045,0.0,115,360,0,0,False,False,False,True,True,False,False,False,False
5250,0.0,94,360,1,0,False,False,True,False,True,True,False,True,False
14683,2100.0,304,360,1,0,False,False,False,False,True,True,False,False,False
4931,0.0,128,360,1,0,False,False,True,True,True,True,True,False,False
6083,4250.0,330,360,1,1,True,False,False,False,True,True,False,True,False
2060,2209.0,134,360,1,1,False,False,False,False,True,False,True,False,False
3481,0.0,155,36,1,0,True,False,False,False,False,False,True,False,False
7200,0.0,120,360,1,1,False,False,False,False,False,False,False,False,False
5166,0.0,128,360,1,1,False,False,False,False,True,False,True,False,True
4095,3447.0,151,360,1,1,False,False,False,False,True,False,False,False,False
4708,1387.0,150,360,1,1,False,True,False,False,True,True,True,False,False
4333,1811.0,160,360,0,1,False,False,True,False,True,True,False,True,False
3418,0.0,135,360,1,0,False,False,False,False,False,False,False,False,False
2876,1560.0,90,360,1,1,True,False,False,False,False,False,False,True,False
3237,0.0,30,360,1,1,False,False,False,False,False,False,False,True,False
11146,0.0,136,360,1,1,False,False,False,False,True,True,False,True,False
2833,1857.0,126,360,1,1,False,False,False,False,True,False,False,False,False
2620,2223.0,150,360,1,1,False,False,False,False,True,True,True,False,False
3900,0.0,90,360,1,1,False,True,False,False,True,True,True,False,False
2750,1842.0,115,360,1,1,True,False,False,False,True,True,True,False,False
3993,3274.0,207,360,1,1,False,False,False,False,True,True,True,False,False
3103,1300.0,80,360,1,1,False,False,False,False,True,True,False,True,False
14583,0.0,436,360,1,1,False,False,False,False,True,True,True,False,False
4100,0.0,124,360,1,1,False,False,False,True,False,True,False,False,False
4053,2426.0,158,360,0,0,True,False,False,True,True,False,False,True,True
3927,800.0,112,360,1,1,False,False,False,False,True,True,True,False,False
2301,985.7999878,78,180,1,1,False,True,False,False,True,True,False,True,False
1811,1666.0,54,360,1,1,False,False,False,False,False,False,False,True,False
20667,0.0,128,360,1,0,False,False,False,False,True,True,False,False,False
3158,3053.0,89,360,1,1,False,False,False,False,True,False,False,False,False
2600,1717.0,99,300,1,0,False,False,False,False,False,False,True,False,True
3704,2000.0,120,360,1,1,False,False,False,False,True,True,False,False,False
4124,0.0,115,360,1,1,False,False,False,False,False,False,True,False,False
9508,0.0,187,360,1,1,False,False,False,False,True,False,False,False,False
3075,2416.0,139,360,1,1,False,False,False,False,True,True,False,False,False
4400,0.0,127,360,0,0,False,True,False,False,True,True,True,False,False
3153,1560.0,134,360,1,1,False,True,False,False,True,True,False,True,False
5417,0.0,143,480,0,0,False,False,False,False,False,False,False,True,False
2383,3334.0,172,360,1,1,False,False,False,False,True,True,True,False,False
4416,1250.0,110,360,1,1,False,False,True,False,True,True,False,True,False
6875,0.0,200,360,1,1,True,False,False,False,True,True,True,False,False
4666,0.0,135,360,1,1,True,False,False,False,False,True,False,True,False
5000,2541.0,151,480,1,0,False,False,False,False,False,False,False,False,False
2014,2925.0,113,360,1,0,True,False,False,False,True,True,False,True,False
1800,2934.0,93,360,0,0,False,False,False,True,True,True,False,True,False
2875,1750.0,105,360,1,1,False,False,False,True,True,True,True,False,False
5000,0.0,132,360,1,1,False,False,False,False,False,False,False,False,False
1625,1803.0,96,360,1,1,True,False,False,False,True,True,False,True,False
4000,2500.0,140,360,1,1,False,False,False,False,True,False,False,False,False
2000,0.0,128,360,1,0,False,False,False,True,True,False,False,True,False
3762,1666.0,135,360,1,1,False,False,False,False,False,False,False,False,False
2400,1863.0,104,360,0,0,False,False,False,False,False,False,False,True,False
20233,0.0,480,360,1,0,False,False,False,False,True,False,False,False,False
7667,0.0,185,360,1,1,False,True,False,True,True,True,False,False,False
2917,0.0,84,360,1,1,False,False,False,False,False,False,True,False,False
2927,2405.0,111,360,1,1,False,False,False,True,True,False,True,False,False
2507,0.0,56,360,1,1,False,False,False,False,False,False,False,False,False
5746,0.0,144,84,1,1,False,True,False,False,True,True,False,False,True
2473,1843.0,159,360,1,0,False,False,False,False,True,True,False,False,False
3399,1640.0,111,180,1,1,True,False,False,True,True,True,False,True,False
3717,0.0,120,360,1,1,False,True,False,False,True,True,True,False,False
2058,2134.0,88,360,1,1,False,False,False,False,True,True,False,True,False
3541,0.0,112,360,1,1,True,False,False,False,False,False,True,False,False
10000,0.0,155,360,1,0,True,False,False,False,True,True,False,False,True
2400,2167.0,115,360,1,1,False,False,False,False,True,True,True,False,False
4342,189.0,124,360,1,1,False,False,True,False,True,True,True,False,False
3601,1590.0,128,360,1,1,False,True,False,True,True,True,False,False,False
3166,2985.0,132,360,1,1,False,False,False,False,False,False,False,False,False
15000,0.0,300,360,1,1,False,False,True,False,True,True,False,False,False
8666,4983.0,376,360,0,0,True,False,False,False,True,True,False,False,True
4917,0.0,130,360,0,1,False,False,False,False,True,False,False,False,False
5818,2160.0,184,360,1,1,False,False,False,False,True,True,True,False,True
4333,2451.0,110,360,1,0,False,False,False,False,False,True,False,True,False
2500,0.0,67,360,1,1,False,False,False,False,False,False,False,True,False
4384,1793.0,117,360,1,1,True,False,False,False,True,False,False,True,False
2935,0.0,98,360,1,1,False,False,False,False,True,False,True,False,False
2833,0.0,71,360,1,1,False,False,False,False,True,False,False,True,False
63337,0.0,490,180,1,1,False,False,False,False,True,True,False,True,False
9833,1833.0,182,180,1,1,True,False,False,False,True,True,False,True,True
5503,4490.0,70,360,1,1,False,False,False,False,True,True,True,False,True
5250,688.0,160,360,1,1,True,False,False,False,True,True,False,False,False
2500,4600.0,176,360,1,1,False,True,False,False,True,True,False,False,True
1830,0.0,128,360,0,0,False,False,True,True,False,False,False,True,False
4160,0.0,71,360,1,1,False,False,False,False,False,False,True,False,False
2647,1587.0,173,360,1,0,False,False,True,True,True,True,False,False,False
2378,0.0,46,360,1,0,False,False,False,False,False,False,False,False,False
4554,1229.0,158,360,1,1,True,False,False,True,True,True,False,True,False
3173,0.0,74,360,1,1,False,False,True,True,True,True,True,False,False
2583,2330.0,125,360,1,1,False,True,False,False,True,True,False,False,False
2499,2458.0,160,360,1,1,False,False,False,False,True,True,True,False,False
3523,3230.0,152,360,0,0,False,False,False,True,True,True,False,False,False
3083,2168.0,126,360,1,1,False,True,False,True,True,True,False,True,False
6333,4583.0,259,360,1,1,False,False,False,False,True,True,True,False,False
2625,6250.0,187,360,1,1,False,False,False,False,True,True,False,False,False
9083,0.0,228,360,1,1,False,False,False,False,True,True,True,False,False
8750,4167.0,308,360,1,0,False,False,False,False,True,False,False,False,False
2666,2083.0,95,360,1,1,False,False,True,False,True,True,False,False,False
5500,0.0,105,360,0,0,False,False,False,False,False,True,False,False,True
2423,505.0,130,360,1,1,False,False,False,False,False,True,True,False,False
3813,0.0,116,180,1,1,False,False,False,False,False,False,False,True,False
8333,3167.0,165,360,1,1,False,True,False,False,True,True,False,False,False
3875,0.0,67,360,1,0,True,False,False,False,True,True,False,True,False
3000,1666.0,100,480,0,0,False,False,False,True,True,True,False,True,False
5167,3167.0,200,360,1,1,False,False,True,False,True,True,True,False,False
4723,0.0,81,360,1,0,True,False,False,False,False,False,True,False,False
5000,3667.0,236,360,1,1,False,True,False,False,True,True,True,False,False
4750,2333.0,130,360,1,1,False,False,False,False,True,True,False,True,False
3013,3033.0,95,300,1,1,False,False,False,False,True,True,False,True,False
6822,0.0,141,360,1,1,False,False,False,False,True,False,False,False,True
6216,0.0,133,360,1,0,False,False,False,True,True,False,False,False,False
2500,0.0,96,480,1,0,False,False,False,False,True,False,True,False,False
5124,0.0,124,360,0,0,False,False,False,False,True,False,False,False,False
6325,0.0,175,360,1,1,True,False,False,False,True,True,True,False,False
19730,5266.0,570,360,1,0,False,False,False,False,True,True,False,False,False
15759,0.0,55,360,1,1,False,False,False,False,False,False,True,False,True
5185,0.0,155,360,1,1,False,True,False,False,True,True,True,False,False
9323,7873.0,380,300,1,1,False,True,False,False,True,True,False,False,True
3062,1987.0,111,180,0,0,True,False,False,False,True,False,False,True,False
2764,1459.0,110,360,1,1,False,False,False,False,False,False,False,True,False
4817,923.0,120,180,1,1,False,False,False,False,True,True,False,True,False
8750,4996.0,130,360,1,1,False,False,True,False,True,True,False,False,False
4310,0.0,130,360,1,1,False,False,False,False,True,True,True,False,False
3069,0.0,71,480,1,0,False,False,False,False,True,False,False,True,False
5391,0.0,130,360,1,1,False,True,False,False,True,True,False,True,False
3333,2500.0,128,360,1,1,False,False,False,False,True,True,True,False,False
5941,4232.0,296,360,1,1,False,False,False,False,True,False,True,False,False
6000,0.0,156,360,1,1,False,False,False,False,False,False,False,True,False
7167,0.0,128,360,1,1,False,False,False,False,True,False,False,True,True
4566,0.0,100,360,1,0,False,True,False,False,True,True,False,True,False
3667,0.0,113,180,1,1,True,False,False,False,True,False,False,True,False
2346,1600.0,132,360,1,1,False,False,False,True,True,False,True,False,False
3010,3136.0,128,360,0,0,False,False,False,True,True,True,False,True,False
2333,2417.0,136,360,1,1,False,False,False,False,True,True,False,True,False
5488,0.0,125,360,1,1,False,False,False,False,True,True,False,False,False
9167,0.0,185,360,1,1,False,False,True,False,True,False,False,False,False
9504,0.0,275,360,1,1,False,False,True,False,True,True,False,False,False
2583,2115.0,120,360,1,1,False,False,False,False,True,True,False,True,False
1993,1625.0,113,180,1,1,False,True,False,True,True,True,True,False,False
3100,1400.0,113,360,1,1,False,True,False,False,True,True,False,True,False
3276,484.0,135,360,1,1,False,True,False,False,True,True,True,False,False
3180,0.0,71,360,0,0,False,False,False,False,False,False,False,True,False
3033,1459.0,95,360,1,1,False,False,False,False,True,True,False,True,False
3902,1666.0,109,360,1,1,False,False,False,True,True,False,False,False,False
1500,1800.0,103,360,0,0,False,False,False,False,False,False,True,False,False
2889,0.0,45,180,0,0,False,True,False,True,True,True,False,True,False
2755,0.0,65,300,1,0,False,False,False,True,True,False,False,False,False
2500,20000.0,103,360,1,1,False,False,False,False,True,False,True,False,False
1963,0.0,53,360,1,1,False,False,False,True,False,False,True,False,False
7441,0.0,194,360,1,0,False,False,False,False,False,False,False,False,True
4547,0.0,115,360,1,1,False,False,False,False,False,False,True,False,False
2167,2400.0,115,360,1,1,False,False,False,True,True,True,False,True,False
2213,0.0,66,360,1,1,False,False,False,True,False,False,False,False,False
8300,0.0,152,300,0,0,True,False,False,False,True,True,True,False,False
81000,0.0,360,360,0,0,False,False,True,False,True,True,False,False,False
3867,0.0,62,360,1,0,True,False,False,True,False,False,True,False,True
6256,0.0,160,360,1,1,False,False,False,False,True,True,False,True,False
6096,0.0,218,360,0,0,False,False,False,True,True,True,False,False,False
2253,2033.0,110,360,1,1,False,False,False,True,True,True,False,False,False
2149,3237.0,178,360,0,0,False,False,False,True,False,True,True,False,False
2995,0.0,60,360,1,1,False,False,False,False,False,False,False,True,False
2600,0.0,160,360,1,0,True,False,False,False,False,False,False,True,False
1600,20000.0,239,360,1,0,False,True,False,False,True,True,False,True,True
1025,2773.0,112,360,1,1,False,False,False,False,True,True,False,False,False
3246,1417.0,138,360,1,1,False,False,False,False,True,True,True,False,False
5829,0.0,138,360,1,1,False,False,False,False,True,True,False,False,False
2720,0.0,80,360,0,0,False,False,False,True,False,False,False,True,False
1820,1719.0,100,360,1,1,False,False,False,False,True,True,False,True,False
7250,1667.0,110,360,0,0,True,False,False,False,True,True,False,True,False
14880,0.0,96,360,1,1,False,False,False,False,True,True,True,False,False
2666,4300.0,121,360,1,1,False,False,False,False,True,True,False,False,False
4606,0.0,81,360,1,0,True,False,False,True,False,False,False,False,False
5935,0.0,133,360,1,1,False,True,False,False,True,True,True,False,False
2920,16.12000084,87,360,1,1,False,False,False,False,True,True,False,False,False
2717,0.0,60,180,1,1,False,False,False,True,True,False,False,True,False
8624,0.0,150,360,1,1,True,False,False,False,False,False,True,False,True
6500,0.0,105,360,0,0,False,False,False,False,True,False,False,False,False
12876,0.0,405,360,1,1,False,False,False,False,True,False,True,False,False
2425,2340.0,143,360,1,1,False,False,False,False,True,True,True,False,False
3750,0.0,100,360,1,1,False,False,False,False,True,False,False,True,False
10047,0.0,128,240,1,1,False,False,False,False,False,True,True,False,False
1926,1851.0,50,360,1,1,False,False,False,False,True,False,True,False,False
2213,1125.0,128,360,1,1,False,False,False,False,True,True,False,True,False
10416,0.0,187,360,0,0,False,False,False,False,True,False,False,True,True
7142,0.0,138,360,1,1,False,False,False,True,False,True,False,False,True
3660,5064.0,187,360,1,1,False,False,False,False,True,False,True,False,False
7901,1833.0,180,360,1,1,False,False,False,False,True,True,False,False,False
4707,1993.0,148,360,1,1,False,False,True,True,True,False,True,False,False
37719,0.0,152,360,1,1,True,False,False,False,True,False,True,False,False
7333,8333.0,175,300,1,1,False,False,False,False,True,True,False,False,False
3466,1210.0,130,360,1,1,True,False,False,False,True,True,False,False,True
4652,0.0,110,360,1,1,False,True,False,True,True,True,False,False,False
3539,1376.0,55,360,1,0,False,False,False,False,True,True,False,False,False
3340,1710.0,150,360,0,0,False,True,False,False,True,True,False,False,False
2769,1542.0,190,360,1,0,True,False,False,True,True,False,True,False,True
2309,1255.0,125,360,0,0,False,True,False,True,True,True,False,False,False
1958,1456.0,60,300,1,1,False,True,False,True,True,True,False,True,False
3948,1733.0,149,360,0,0,False,False,False,False,True,True,False,False,False
2483,2466.0,90,180,0,1,False,False,False,False,True,True,False,False,False
7085,0.0,84,360,1,1,False,False,False,False,True,False,True,False,True
3859,0.0,96,360,1,1,False,True,False,False,True,True,True,False,False
4301,0.0,118,360,1,1,False,False,False,False,True,True,False,True,False
3708,2569.0,173,360,1,0,False,False,False,False,True,True,False,True,False
4354,0.0,136,360,1,1,False,True,False,False,True,False,False,False,False
8334,0.0,160,360,1,0,False,False,False,False,True,True,True,False,False
2083,4083.0,160,360,1,1,False,False,False,False,True,True,True,False,True
7740,0.0,128,180,1,1,False,False,True,False,True,True,False,True,False
3015,2188.0,153,360,1,1,False,False,False,False,True,True,False,False,False
5191,0.0,132,360,1,1,True,False,False,True,False,False,True,False,False
4166,0.0,98,360,0,0,False,False,False,False,True,False,True,False,False
6000,0.0,140,360,1,1,False,False,False,False,True,False,False,False,False
2947,1664.0,70,180,0,0,False,False,True,True,True,True,False,True,False
16692,0.0,110,360,1,1,False,False,False,False,True,True,True,False,False
210,2917.0,98,360,1,1,False,True,False,True,False,True,True,False,False
4333,2451.0,110,360,1,0,False,False,False,False,True,True,False,True,False
3450,2079.0,162,360,1,1,True,False,False,False,True,True,True,False,True
2653,1500.0,113,180,0,0,True,False,False,True,True,True,False,False,False
4691,0.0,100,360,1,1,False,False,True,False,True,True,True,False,False
2500,0.0,93,360,1,1,False,False,False,False,False,False,False,True,True
5532,4648.0,162,360,1,1,False,True,False,False,True,False,False,False,False
16525,1014.0,150,360,1,1,False,True,False,False,True,True,False,False,True
6700,1750.0,230,300,1,1,False,True,False,False,True,True,True,False,False
2873,1872.0,132,360,0,0,False,True,False,False,True,True,True,False,False
16667,2250.0,86,360,1,1,True,False,False,False,True,True,True,False,True
2947,1603.0,128,360,1,0,False,True,False,False,True,True,False,True,False
4350,0.0,154,360,1,1,False,False,False,True,False,False,False,False,False
3095,0.0,113,360,1,1,False,False,True,True,True,True,False,False,False
2083,3150.0,128,360,1,1,False,False,False,False,True,True,True,False,False
10833,0.0,234,360,1,1,False,False,False,False,True,True,True,False,False
8333,0.0,246,360,1,1,False,True,False,False,True,True,True,False,False
1958,2436.0,131,360,1,1,True,False,False,True,True,True,False,False,False
3547,0.0,80,360,0,0,False,True,False,False,True,False,False,False,False
18333,0.0,500,360,1,0,True,False,False,False,True,True,False,True,False
4583,2083.0,160,360,1,1,False,True,False,False,True,True,True,False,True
2435,0.0,75,360,1,0,False,False,False,False,True,False,False,True,False
2699,2785.0,96,360,1,1,False,False,False,True,True,False,True,False,False
5333,1131.0,186,360,1,1,True,False,False,True,True,True,False,True,False
3691,0.0,110,360,1,1,False,False,False,True,True,False,False,False,False
17263,0.0,225,360,1,1,False,False,False,True,False,False,True,False,True
3597,2157.0,119,360,0,0,False,False,False,False,True,True,False,False,False
3326,913.0,105,84,1,1,True,False,False,False,False,True,True,False,False
2600,1700.0,107,360,1,1,False,False,False,True,True,True,False,False,False
4625,2857.0,111,12,1,1,False,False,False,False,True,True,False,True,False
2895,0.0,95,360,1,1,True,False,False,False,True,True,True,False,True
6283,4416.0,209,360,0,0,False,False,False,False,True,False,False,False,False
645,3683.0,113,480,1,1,False,False,False,False,False,False,False,False,False
3159,0.0,100,360,1,1,False,False,False,False,False,False,True,False,False
4865,5624.0,208,360,1,1,False,True,False,False,True,True,True,False,False
4050,5302.0,138,360,1,0,True,False,False,True,True,True,False,False,False
3814,1483.0,124,300,1,1,False,False,False,True,True,True,True,False,False
3510,4416.0,243,360,1,1,False,True,False,False,True,True,False,False,False
20833,6667.0,480,360,1,1,False,False,False,False,True,True,False,True,False
3583,0.0,96,360,1,0,False,False,False,False,True,False,False,True,False
2479,3013.0,188,360,1,1,False,False,False,False,True,True,False,True,True
13262,0.0,40,360,1,1,True,False,False,False,False,False,False,True,False
3598,1287.0,100,360,1,0,False,False,False,True,True,False,False,False,False
6065,2004.0,250,360,1,1,True,False,False,False,True,True,True,False,False
3283,2035.0,148,360,1,1,False,True,False,False,True,True,False,True,False
2130,6666.0,70,180,1,0,False,False,False,False,True,True,True,False,False
5815,3666.0,311,360,1,0,False,False,False,False,True,False,False,False,False
3466,3428.0,150,360,1,1,False,False,True,False,True,True,False,False,False
2031,1632.0,113,480,1,1,False,True,False,False,False,True,True,False,False
3074,1800.0,123,360,0,0,False,False,False,True,True,True,True,False,False
4683,1915.0,185,360,1,0,False,False,False,False,True,False,True,False,False
3400,0.0,95,360,1,0,False,False,False,True,False,False,False,False,False
2192,1742.0,45,360,1,1,False,True,False,True,True,True,True,False,False
2500,0.0,55,360,1,1,False,False,False,False,True,False,True,False,False
5677,1424.0,100,360,1,1,False,False,True,False,True,True,False,False,True
7948,7166.0,480,360,1,1,False,True,False,False,True,True,False,False,True
4680,2087.0,128,360,1,0,False,False,False,False,True,False,True,False,False
17500,0.0,400,360,1,1,False,True,False,False,True,True,False,False,True
3775,0.0,110,360,1,1,False,False,False,False,True,True,True,False,False
5285,1430.0,161,360,0,1,True,False,False,True,True,True,True,False,False
2679,1302.0,94,360,1,1,True,False,False,True,True,False,True,False,False
6783,0.0,130,360,1,1,False,False,False,True,True,False,True,False,False
1025,5500.0,216,360,1,1,False,False,False,False,True,True,False,False,False
4281,0.0,100,360,1,1,False,False,True,False,True,True,False,True,False
3588,0.0,110,360,0,0,False,True,False,False,True,False,False,False,False
11250,0.0,196,360,1,0,True,False,False,False,True,False,True,False,False
18165,0.0,125,360,1,1,False,False,False,True,False,False,False,True,True
2550,2042.0,126,360,1,1,False,False,False,True,True,False,False,False,False
6133,3906.0,324,360,1,1,False,False,False,False,True,True,False,True,False
3617,0.0,107,360,1,1,False,True,False,False,True,False,True,False,False
2917,536.0,66,360,1,0,False,False,False,True,True,True,False,False,False
6417,0.0,157,180,1,1,False,False,True,False,True,True,False,False,False
4608,2845.0,140,180,1,1,True,False,False,False,False,True,True,False,False
2138,0.0,99,360,0,0,False,False,False,False,False,False,True,False,False
3652,0.0,95,360,1,1,True,False,False,False,False,False,True,False,False
2239,2524.0,128,360,1,1,True,False,False,True,True,True,False,True,False
3017,663.0,102,360,1,1,False,False,False,True,False,True,True,False,False
2768,1950.0,155,360,1,1,False,False,False,False,True,True,False,False,False
3358,0.0,80,36,1,0,False,False,False,True,True,False,True,False,False
2526,1783.0,145,360,1,1,False,False,False,False,True,False,False,False,False
5000,0.0,103,360,0,0,False,False,False,False,False,False,True,False,False
2785,2016.0,110,360,1,1,False,False,False,False,True,True,False,False,False
6633,0.0,128,360,0,0,False,True,False,False,True,True,False,False,True
2492,2375.0,128,360,1,1,True,False,False,True,True,True,False,False,False
3333,3250.0,158,360,1,1,True,False,False,False,True,True,False,True,False
2454,2333.0,181,360,0,0,False,False,False,True,True,True,False,True,False
3593,4266.0,132,180,0,0,False,False,False,False,True,True,False,False,False
5468,1032.0,26,360,1,1,True,False,False,False,True,True,True,False,False
2667,1625.0,84,360,1,1,False,False,False,False,False,False,False,True,False
10139,0.0,260,360,1,1,False,False,True,False,True,True,True,False,True
3887,2669.0,162,360,1,1,False,False,False,False,True,True,True,False,False
4180,2306.0,182,360,1,1,False,False,False,False,False,True,True,False,False
3675,242.0,108,360,1,1,False,True,False,True,True,True,True,False,False
19484,0.0,600,360,1,1,True,False,False,False,False,True,True,False,True
5923,2054.0,211,360,1,1,False,False,False,False,True,True,False,False,False
5800,0.0,132,360,1,1,False,False,False,True,True,False,True,False,True
8799,0.0,258,360,0,0,False,True,False,False,True,True,False,True,False
4467,0.0,120,360,1,1,False,False,False,True,True,True,False,False,False
3333,0.0,70,360,1,1,False,False,False,False,True,False,False,True,False
3400,2500.0,123,360,0,0,False,False,True,False,True,True,False,False,False
2378,0.0,9,360,1,0,False,False,False,False,False,False,False,True,False
3166,2064.0,104,360,0,0,False,False,False,False,True,True,False,True,False
3417,1750.0,186,360,1,1,True,False,False,False,True,True,False,True,False
5116,1451.0,165,360,0,0,False,False,False,False,True,True,False,True,False
16666,0.0,275,360,1,1,False,True,False,False,True,True,False,True,False
6125,1625.0,187,480,1,0,False,True,False,True,True,True,True,False,False
6406,0.0,150,360,1,0,False,False,True,False,True,True,True,False,False
3159,461.0,108,84,1,1,False,True,False,False,True,True,False,True,False
3087,2210.0,136,360,0,0,False,False,False,False,True,True,True,False,False
3229,2739.0,110,360,1,1,False,False,False,False,True,False,False,True,False
1782,2232.0,107,360,1,1,True,False,False,False,True,True,False,False,False
3182,2917.0,161,360,1,1,False,False,False,False,True,False,False,True,False
6540,0.0,205,360,1,1,False,True,False,False,True,True,True,False,False
1836,33837.0,90,360,1,0,False,False,False,False,True,False,False,True,False
3166,0.0,36,360,1,1,False,False,False,False,False,True,True,False,False
1880,0.0,61,360,1,0,True,False,False,False,True,True,False,False,False
2787,1917.0,146,360,0,0,True,False,False,False,True,True,False,False,False
4283,3000.0,172,84,1,0,True,False,False,False,True,True,False,False,False
2297,1522.0,104,360,1,1,False,False,False,False,True,True,False,True,False
2165,0.0,70,360,1,1,False,False,False,True,False,False,True,False,False
4750,0.0,94,360,1,1,False,False,False,False,True,False,True,False,False
2726,0.0,106,360,0,0,False,True,False,False,True,True,True,False,True
3000,3416.0,56,180,1,1,False,False,False,False,True,True,True,False,False
6000,0.0,205,240,1,0,False,True,False,False,True,True,True,False,True
9357,0.0,292,360,1,1,False,False,True,False,True,False,True,False,True
3859,3300.0,142,180,1,1,False,False,False,False,True,True,False,False,False
16120,0.0,260,360,1,1,False,False,False,False,True,True,False,True,True
3833,0.0,110,360,1,1,False,False,False,True,True,False,False,False,False
6383,1000.0,187,360,1,0,False,True,False,True,True,True,False,False,True
2987,0.0,88,360,0,0,False,False,False,False,True,False,True,False,False
9963,0.0,180,360,1,1,False,False,False,False,True,True,False,False,True
5780,0.0,192,360,1,1,False,True,False,False,True,True,False,True,False
416,41667.0,350,180,1,0,False,False,True,False,False,False,False,True,False
2894,2792.0,155,360,1,1,False,False,False,True,True,True,False,False,False
5703,0.0,128,360,1,1,False,False,True,False,True,True,False,True,False
3676,4301.0,172,360,1,1,False,False,False,False,True,False,False,False,False
12000,0.0,496,360,1,1,True,False,False,False,False,True,True,False,False
2400,3800.0,128,180,1,0,False,False,False,True,True,True,False,True,False
3400,2500.0,173,360,1,1,True,False,False,False,True,True,True,False,False
3987,1411.0,157,360,1,1,False,True,False,True,True,True,False,False,False
3232,1950.0,108,360,1,1,False,False,False,False,True,True,False,False,False
2900,0.0,71,360,1,1,False,False,False,False,False,False,False,False,False
4106,0.0,40,180,1,1,False,False,True,False,True,True,False,False,False
8072,240.0,253,360,1,1,True,False,False,False,True,True,False,True,False
7583,0.0,187,360,1,1,False,True,False,False,True,True,False,True,False
4583,0.0,133,360,0,0,False,False,False,False,False,False,True,False,True
